Date,Start,End
May_01,2090106468,2090107233
May_04,2090107381,2090108047
May_05,2090108048,2090108613
May_06,2090108987,2090109368
May_07,2090109389,2090109933
May_08,2090110018,2090110661
May_11,2090110989,2090111718
May_12,2090111724,2090112242
May_13,2090112682,2090112922
May_14,2090113081,2090113343
May_15,2090113345,2090114145
May_18,2090114191,2090114915
May_19,2090115107,2090115554
May_20,2090115694,2090116071
May_21,2090116217,2090116751
May_22,2090116847,2090117692
May_26,2090117792,2090118650
May_27,2090118841,2090119212
May_28,2090119238,2090119744
May_29,2090119869,2090120759
